"carrier_id","carrier_name","carrier_phone","carrier_email"
"C1523000001","Calypso Butts","+446834928881","Calypso.Butts@parcelforcecourier.uk.ac"
"C1523000002","Kellsie Gillard","+443381446037","Kellsie.Gillard@royalmail.uk.ac"
"C1523000003","Agnola Lingner","+445948809166","Agnola.Lingner@royalmail.uk.ac"
"C1523000004","Jacques Howsam","+446101303280","Jacques.Howsam@parcelforcecourier.uk.ac"
"C1523000005","Guss Aitchison","+441204048542","Guss.Aitchison@upsdeliveryservice.uk.ac"
"C1523000006","Gabriel Courson","+443773422670","Gabriel.Courson@royalmail.uk.ac"
"C1523000007","Jules Bartosik","+444573882666","Jules.Bartosik@parcelforcecourier.uk.ac"
"C1523000008","Tabbi Dumbell","+442125838810","Tabbi.Dumbell@fedex.uk.ac"
"C1523000009","Henderson Adriani","+442361944464","Henderson.Adriani@upsdeliveryservice.uk.ac"
"C1523000010","Woodie Follet","+444862755135","Woodie.Follet@royalmail.uk.ac"
"C1523000011","Charmane Glen","+442498880961","Charmane.Glen@upsdeliveryservice.uk.ac"
"C1523000012","Bartie Couth","+441598395927","Bartie.Couth@royalmail.uk.ac"
"C1523000013","Dierdre Lawther","+449018940073","Dierdre.Lawther@royalmail.uk.ac"
"C1523000014","Elizabet Course","+443396231427","Elizabet.Course@royalmail.uk.ac"
"C1523000015","Margareta McJerrow","+445009935040","Margareta.McJerrow@royalmail.uk.ac"
"C1523000016","Maritsa Exton","+444037287993","Maritsa.Exton@upsdeliveryservice.uk.ac"
"C1523000017","Valenka Dullingham","+447058637258","Valenka.Dullingham@dpdcourierservice.uk.ac"
"C1523000018","Krystal Aplin","+442250638345","Krystal.Aplin@upsdeliveryservice.uk.ac"
"C1523000019","Fax Wilce","+449306348723","Fax.Wilce@parcelforcecourier.uk.ac"
"C1523000020","Bennie Jinda","+441145289295","Bennie.Jinda@fedex.uk.ac"
"C1523000021","Meier Casotti","+442815431818","Meier.Casotti@upsdeliveryservice.uk.ac"
"C1523000022","Nev Lumsdale","+449675133200","Nev.Lumsdale@fedex.uk.ac"
"C1523000023","Darrelle Avraam","+447431613405","Darrelle.Avraam@parcelforcecourier.uk.ac"
"C1523000024","Irma Marjoribanks","+441678746178","Irma.Marjoribanks@upsdeliveryservice.uk.ac"
"C1523000025","Willi Albinson","+442881878462","Willi.Albinson@fedex.uk.ac"
"C1523000026","Lina Athey","+441072408633","Lina.Athey@royalmail.uk.ac"
"C1523000027","Alis McCrillis","+443631851570","Alis.McCrillis@parcelforcecourier.uk.ac"
"C1523000028","Ruben Girardetti","+449784317094","Ruben.Girardetti@dpdcourierservice.uk.ac"
"C1523000029","Major Whild","+447529795528","Major.Whild@royalmail.uk.ac"
"C1523000030","Corabel Benet","+448137397850","Corabel.Benet@dpdcourierservice.uk.ac"
"C1523000031","Rudy Woodrough","+448127142510","Rudy.Woodrough@parcelforcecourier.uk.ac"
"C1523000032","Anne Gibbs","+443291407126","Anne.Gibbs@royalmail.uk.ac"
"C1523000033","Jodie Bohlin","+444809351495","Jodie.Bohlin@upsdeliveryservice.uk.ac"
"C1523000034","Arlinda Andrews","+443252416340","Arlinda.Andrews@royalmail.uk.ac"
"C1523000035","Virginie Body","+447544957062","Virginie.Body@fedex.uk.ac"
"C1523000036","Zaneta Vasyukhin","+448120627111","Zaneta.Vasyukhin@dpdcourierservice.uk.ac"
"C1523000037","Adelaide Vinter","+442860321299","Adelaide.Vinter@dpdcourierservice.uk.ac"
"C1523000038","Liane Beckitt","+443477160577","Liane.Beckitt@fedex.uk.ac"
"C1523000039","Murdock Exelby","+446536482462","Murdock.Exelby@fedex.uk.ac"
"C1523000040","Elianora Schiementz","+449910361259","Elianora.Schiementz@royalmail.uk.ac"
"C1523000041","Jakie Segge","+442250363244","Jakie.Segge@parcelforcecourier.uk.ac"
"C1523000042","Milissent Bossel","+442358220610","Milissent.Bossel@parcelforcecourier.uk.ac"
"C1523000043","Tedman Cunradi","+444323505940","Tedman.Cunradi@dpdcourierservice.uk.ac"
"C1523000044","Shirlee Stothard","+447259807497","Shirlee.Stothard@parcelforcecourier.uk.ac"
"C1523000045","Rickey Course","+449499927762","Rickey.Course@royalmail.uk.ac"
"C1523000046","Ford Ciccotto","+444661393891","Ford.Ciccotto@parcelforcecourier.uk.ac"
"C1523000047","Liam Rackham","+444999932945","Liam.Rackham@royalmail.uk.ac"
"C1523000048","Kaitlyn Mark","+443324284654","Kaitlyn.Mark@upsdeliveryservice.uk.ac"
"C1523000049","Ignaz Robiou","+444960030010","Ignaz.Robiou@royalmail.uk.ac"
"C1523000050","Jaquenetta Jersh","+441049602740","Jaquenetta.Jersh@upsdeliveryservice.uk.ac"
"C1523000051","Alley Dienes","+448116921884","Alley.Dienes@parcelforcecourier.uk.ac"
"C1523000052","Kermy Dabling","+446650813853","Kermy.Dabling@upsdeliveryservice.uk.ac"
"C1523000053","Cherri Caygill","+445856016606","Cherri.Caygill@parcelforcecourier.uk.ac"
"C1523000054","Jennette Bineham","+445669976968","Jennette.Bineham@fedex.uk.ac"
"C1523000055","Dar Niland","+441490530931","Dar.Niland@upsdeliveryservice.uk.ac"
"C1523000056","Edik Antonnikov","+447284461606","Edik.Antonnikov@upsdeliveryservice.uk.ac"
"C1523000057","Jerrome Breming","+443569658341","Jerrome.Breming@parcelforcecourier.uk.ac"
"C1523000058","Frederic Aizikovich","+441704260523","Frederic.Aizikovich@upsdeliveryservice.uk.ac"
"C1523000059","Adore Reeveley","+447755962126","Adore.Reeveley@royalmail.uk.ac"
"C1523000060","Harlan Colbron","+448178277869","Harlan.Colbron@upsdeliveryservice.uk.ac"
"C1523000061","Florri Bartolomucci","+441816553817","Florri.Bartolomucci@parcelforcecourier.uk.ac"
"C1523000062","Rosemonde McCurtin","+445381071337","Rosemonde.McCurtin@upsdeliveryservice.uk.ac"
"C1523000063","Cristine Kinig","+441951677117","Cristine.Kinig@parcelforcecourier.uk.ac"
"C1523000064","Wakefield Pauwel","+443432056653","Wakefield.Pauwel@upsdeliveryservice.uk.ac"
"C1523000065","Arleen Kob","+449193127822","Arleen.Kob@upsdeliveryservice.uk.ac"
"C1523000066","Ailbert Stivani","+449501474356","Ailbert.Stivani@upsdeliveryservice.uk.ac"
"C1523000067","Augie Chaplyn","+446147983759","Augie.Chaplyn@fedex.uk.ac"
"C1523000068","Lion Hane","+447416459175","Lion.Hane@parcelforcecourier.uk.ac"
"C1523000069","Sherie Gough","+441131625158","Sherie.Gough@fedex.uk.ac"
"C1523000070","Alexina Rosten","+444188100733","Alexina.Rosten@upsdeliveryservice.uk.ac"
"C1523000071","Caryl Burgis","+442085108947","Caryl.Burgis@upsdeliveryservice.uk.ac"
"C1523000072","King Pea","+446295136847","King.Pea@dpdcourierservice.uk.ac"
"C1523000073","Vanya Simmons","+445589195307","Vanya.Simmons@dpdcourierservice.uk.ac"
"C1523000074","Orella Tales","+449331617653","Orella.Tales@royalmail.uk.ac"
"C1523000075","Zelda Le Merchant","+449513413451","Zelda.Le.Merchant@dpdcourierservice.uk.ac"
"C1523000076","Halimeda de Mendoza","+444352307384","Halimeda.de.Mendoza@fedex.uk.ac"
"C1523000077","Gherardo Ramelet","+442907405674","Gherardo.Ramelet@parcelforcecourier.uk.ac"
"C1523000078","Therese Imeson","+446372395744","Therese.Imeson@fedex.uk.ac"
"C1523000079","Kenneth Bonnyson","+441874771040","Kenneth.Bonnyson@parcelforcecourier.uk.ac"
"C1523000080","Petunia Bettley","+447218411886","Petunia.Bettley@parcelforcecourier.uk.ac"
"C1523000081","Brooke Filipyev","+442718980670","Brooke.Filipyev@upsdeliveryservice.uk.ac"
"C1523000082","Lock Emanson","+445911814220","Lock.Emanson@dpdcourierservice.uk.ac"
"C1523000083","Petronella Klink","+442767568091","Petronella.Klink@dpdcourierservice.uk.ac"
"C1523000084","Pinchas Beahan","+441792939887","Pinchas.Beahan@upsdeliveryservice.uk.ac"
"C1523000085","Bellina Tumber","+443614464490","Bellina.Tumber@dpdcourierservice.uk.ac"
"C1523000086","Trumann Bonallack","+446585722719","Trumann.Bonallack@parcelforcecourier.uk.ac"
"C1523000087","Rory Kinsella","+441644540085","Rory.Kinsella@upsdeliveryservice.uk.ac"
"C1523000088","Oralee Charrette","+441668934544","Oralee.Charrette@upsdeliveryservice.uk.ac"
"C1523000089","Coletta Sarrell","+447371664206","Coletta.Sarrell@upsdeliveryservice.uk.ac"
"C1523000090","Milton Bownde","+443051377179","Milton.Bownde@upsdeliveryservice.uk.ac"
"C1523000091","Willem Dumblton","+448539985423","Willem.Dumblton@royalmail.uk.ac"
"C1523000092","Karlis Mobius","+443918768436","Karlis.Mobius@upsdeliveryservice.uk.ac"
"C1523000093","Brendis Tye","+442277461225","Brendis.Tye@fedex.uk.ac"
"C1523000094","Jules Backs","+447526116525","Jules.Backs@dpdcourierservice.uk.ac"
"C1523000095","Ermina Rearden","+441993669254","Ermina.Rearden@parcelforcecourier.uk.ac"
"C1523000096","Joel Thurman","+449831711542","Joel.Thurman@dpdcourierservice.uk.ac"
"C1523000097","Andrej Pitway","+449731381649","Andrej.Pitway@royalmail.uk.ac"
"C1523000098","Donetta Hernik","+449724213089","Donetta.Hernik@fedex.uk.ac"
"C1523000099","Brock Friend","+448065548597","Brock.Friend@parcelforcecourier.uk.ac"
"C1523000100","Fenelia Clinnick","+447069328141","Fenelia.Clinnick@dpdcourierservice.uk.ac"
"C1523000101","Johanna MacCarter","+441118743379","Johanna.MacCarter@parcelforcecourier.uk.ac"
"C1523000102","Matilde Kalaher","+446012868129","Matilde.Kalaher@dpdcourierservice.uk.ac"
"C1523000103","Merrili Quadrio","+446084131947","Merrili.Quadrio@upsdeliveryservice.uk.ac"
"C1523000104","Markus Durkin","+446172602503","Markus.Durkin@royalmail.uk.ac"
"C1523000105","Collette McGuinness","+446101189288","Collette.McGuinness@fedex.uk.ac"
"C1523000106","Heriberto More","+445264713259","Heriberto.More@upsdeliveryservice.uk.ac"
"C1523000107","Cassy Yakunikov","+449387046460","Cassy.Yakunikov@royalmail.uk.ac"
"C1523000108","Nealon Fontenot","+444806628037","Nealon.Fontenot@upsdeliveryservice.uk.ac"
"C1523000109","Guilbert Landall","+441923296997","Guilbert.Landall@parcelforcecourier.uk.ac"
"C1523000110","Mitzi Pavia","+445576166633","Mitzi.Pavia@fedex.uk.ac"
"C1523000111","Kiel Kumar","+441964313124","Kiel.Kumar@royalmail.uk.ac"
"C1523000112","Reinwald Cato","+449925680166","Reinwald.Cato@upsdeliveryservice.uk.ac"
"C1523000113","Brade Graeber","+441771965731","Brade.Graeber@royalmail.uk.ac"
"C1523000114","Aldo Mulqueeny","+447751365892","Aldo.Mulqueeny@dpdcourierservice.uk.ac"
"C1523000115","Leta Leedes","+441765570195","Leta.Leedes@fedex.uk.ac"
"C1523000116","Cherye Rattenbury","+447588617744","Cherye.Rattenbury@dpdcourierservice.uk.ac"
"C1523000117","Albert Domnin","+441281268155","Albert.Domnin@fedex.uk.ac"
"C1523000118","Kelcey Knowlson","+444234115616","Kelcey.Knowlson@royalmail.uk.ac"
"C1523000119","Thorny Daybell","+442461756114","Thorny.Daybell@dpdcourierservice.uk.ac"
"C1523000120","Fairleigh Massimi","+448893690709","Fairleigh.Massimi@dpdcourierservice.uk.ac"
"C1523000121","Alicea Killelay","+449463514723","Alicea.Killelay@upsdeliveryservice.uk.ac"
"C1523000122","Alyssa Alster","+443696345794","Alyssa.Alster@fedex.uk.ac"
"C1523000123","Kiele Wathall","+443665135800","Kiele.Wathall@upsdeliveryservice.uk.ac"
"C1523000124","Alessandro Dahlman","+446550394199","Alessandro.Dahlman@dpdcourierservice.uk.ac"
"C1523000125","Baldwin Gallyon","+441918643265","Baldwin.Gallyon@royalmail.uk.ac"
"C1523000126","Benson Laidlow","+449493027266","Benson.Laidlow@upsdeliveryservice.uk.ac"
"C1523000127","Brandy Stilling","+441915366481","Brandy.Stilling@royalmail.uk.ac"
"C1523000128","Oliver Sore","+442493722027","Oliver.Sore@royalmail.uk.ac"
"C1523000129","Lazar Canero","+442799311069","Lazar.Canero@royalmail.uk.ac"
"C1523000130","Christian Vickar","+445483257689","Christian.Vickar@upsdeliveryservice.uk.ac"
"C1523000131","Jermaine Saffer","+447176776020","Jermaine.Saffer@parcelforcecourier.uk.ac"
"C1523000132","Ikey Scarlan","+448329053707","Ikey.Scarlan@dpdcourierservice.uk.ac"
"C1523000133","Annaliese Santino","+444049264022","Annaliese.Santino@upsdeliveryservice.uk.ac"
"C1523000134","Jeni Mendez","+447282718657","Jeni.Mendez@upsdeliveryservice.uk.ac"
"C1523000135","Herman Chatband","+444104289145","Herman.Chatband@upsdeliveryservice.uk.ac"
"C1523000136","Reid Ensor","+444657549097","Reid.Ensor@fedex.uk.ac"
"C1523000137","Carlie Moulsdall","+441133554788","Carlie.Moulsdall@fedex.uk.ac"
"C1523000138","Luelle Laverack","+441227129303","Luelle.Laverack@dpdcourierservice.uk.ac"
"C1523000139","Katharina Hodgon","+444576239627","Katharina.Hodgon@royalmail.uk.ac"
"C1523000140","Jervis Chatfield","+443128244901","Jervis.Chatfield@fedex.uk.ac"
"C1523000141","Burr Banbury","+441210533414","Burr.Banbury@parcelforcecourier.uk.ac"
"C1523000142","Raynell Dishmon","+445868277118","Raynell.Dishmon@fedex.uk.ac"
"C1523000143","Rebecca Di Franceshci","+446844585830","Rebecca.Di.Franceshci@royalmail.uk.ac"
"C1523000144","Bard Haggerston","+443760197276","Bard.Haggerston@parcelforcecourier.uk.ac"
"C1523000145","Jacquetta Signoret","+447802926464","Jacquetta.Signoret@dpdcourierservice.uk.ac"
"C1523000146","Margarita Janko","+449710085329","Margarita.Janko@parcelforcecourier.uk.ac"
"C1523000147","Link MacGilpatrick","+444001100753","Link.MacGilpatrick@royalmail.uk.ac"
"C1523000148","Kim Stradling","+446032586993","Kim.Stradling@dpdcourierservice.uk.ac"
"C1523000149","Jacintha Rontsch","+445626686640","Jacintha.Rontsch@parcelforcecourier.uk.ac"
"C1523000150","Stephi Astin","+444114155331","Stephi.Astin@upsdeliveryservice.uk.ac"
"C1523000151","Filbert Pilgram","+447456424914","Filbert.Pilgram@parcelforcecourier.uk.ac"
"C1523000152","Addia Emblen","+449147314442","Addia.Emblen@parcelforcecourier.uk.ac"
"C1523000153","Luella Paulou","+449525822625","Luella.Paulou@dpdcourierservice.uk.ac"
"C1523000154","Jemimah Marquez","+446873305945","Jemimah.Marquez@dpdcourierservice.uk.ac"
"C1523000155","Gabbi Smethurst","+448709363708","Gabbi.Smethurst@parcelforcecourier.uk.ac"
"C1523000156","Lainey Aslam","+447767454348","Lainey.Aslam@royalmail.uk.ac"
"C1523000157","Angie Christopher","+447222371156","Angie.Christopher@upsdeliveryservice.uk.ac"
"C1523000158","Carroll Waterstone","+446614394671","Carroll.Waterstone@fedex.uk.ac"
"C1523000159","Arlette Pohls","+446535847105","Arlette.Pohls@dpdcourierservice.uk.ac"
"C1523000160","Agneta Ceschini","+447683511524","Agneta.Ceschini@royalmail.uk.ac"
"C1523000161","Mattheus Cratere","+444212631331","Mattheus.Cratere@upsdeliveryservice.uk.ac"
"C1523000162","Garrek Fissenden","+449155862767","Garrek.Fissenden@parcelforcecourier.uk.ac"
"C1523000163","Inge Bettlestone","+441561321625","Inge.Bettlestone@dpdcourierservice.uk.ac"
"C1523000164","Darda Beccero","+443503491423","Darda.Beccero@parcelforcecourier.uk.ac"
"C1523000165","Angel Ianson","+446141809419","Angel.Ianson@fedex.uk.ac"
"C1523000166","Nolly Twydell","+444503553748","Nolly.Twydell@dpdcourierservice.uk.ac"
"C1523000167","Freddie Grouvel","+449279603391","Freddie.Grouvel@parcelforcecourier.uk.ac"
"C1523000168","Lori MacGragh","+449056449217","Lori.MacGragh@royalmail.uk.ac"
"C1523000169","Cheslie Manvelle","+443156651645","Cheslie.Manvelle@upsdeliveryservice.uk.ac"
"C1523000170","Nick Eathorne","+444557026004","Nick.Eathorne@parcelforcecourier.uk.ac"
"C1523000171","Frasco Sadler","+449683835904","Frasco.Sadler@dpdcourierservice.uk.ac"
"C1523000172","Dunn Martyns","+441815279113","Dunn.Martyns@dpdcourierservice.uk.ac"
"C1523000173","Boigie Grut","+446186754491","Boigie.Grut@parcelforcecourier.uk.ac"
"C1523000174","Bealle Willmetts","+445236310008","Bealle.Willmetts@royalmail.uk.ac"
"C1523000175","Rikki Robardley","+444081327241","Rikki.Robardley@upsdeliveryservice.uk.ac"
"C1523000176","Galvin Petroselli","+445658668629","Galvin.Petroselli@royalmail.uk.ac"
"C1523000177","Gerald Riehm","+443354003639","Gerald.Riehm@dpdcourierservice.uk.ac"
"C1523000178","Ervin Eggers","+441103228155","Ervin.Eggers@parcelforcecourier.uk.ac"
"C1523000179","Win Creed","+446880823123","Win.Creed@upsdeliveryservice.uk.ac"
"C1523000180","Teddie Wickins","+446241217412","Teddie.Wickins@royalmail.uk.ac"
"C1523000181","Jakie Rogerson","+444842306878","Jakie.Rogerson@royalmail.uk.ac"
"C1523000182","Christean Van Daalen","+448405306292","Christean.Van.Daalen@dpdcourierservice.uk.ac"
"C1523000183","Caldwell Knotte","+445739139087","Caldwell.Knotte@parcelforcecourier.uk.ac"
"C1523000184","Padgett Guarin","+446664904873","Padgett.Guarin@upsdeliveryservice.uk.ac"
"C1523000185","Tobin Koenen","+441782988306","Tobin.Koenen@parcelforcecourier.uk.ac"
"C1523000186","Darsey Goscar","+447353143303","Darsey.Goscar@parcelforcecourier.uk.ac"
"C1523000187","Cele Evison","+449961898107","Cele.Evison@royalmail.uk.ac"
"C1523000188","Anette Hessel","+448409784080","Anette.Hessel@dpdcourierservice.uk.ac"
"C1523000189","Andromache McCloughlin","+444786680959","Andromache.McCloughlin@upsdeliveryservice.uk.ac"
"C1523000190","Yetta Fleischer","+441677128628","Yetta.Fleischer@dpdcourierservice.uk.ac"
"C1523000191","Waring Volonte","+448172244741","Waring.Volonte@parcelforcecourier.uk.ac"
"C1523000192","Ines Pere","+442053495020","Ines.Pere@upsdeliveryservice.uk.ac"
"C1523000193","Aylmer Strutt","+441400977853","Aylmer.Strutt@upsdeliveryservice.uk.ac"
"C1523000194","Tricia Lavelle","+449469156752","Tricia.Lavelle@parcelforcecourier.uk.ac"
"C1523000195","Edlin Matityahu","+448194925293","Edlin.Matityahu@upsdeliveryservice.uk.ac"
"C1523000196","Robin Kinson","+442306998780","Robin.Kinson@parcelforcecourier.uk.ac"
"C1523000197","Hugues Crim","+442231502804","Hugues.Crim@fedex.uk.ac"
"C1523000198","Claudian Entwhistle","+444775902855","Claudian.Entwhistle@dpdcourierservice.uk.ac"
"C1523000199","Baird Plumridge","+446978269585","Baird.Plumridge@fedex.uk.ac"
"C1523000200","Bink Wigg","+445021936743","Bink.Wigg@dpdcourierservice.uk.ac"
"C1523000201","Michaelina Huckleby","+443133957831","Michaelina.Huckleby@upsdeliveryservice.uk.ac"
"C1523000202","Olwen Braffington","+447971381071","Olwen.Braffington@parcelforcecourier.uk.ac"
"C1523000203","Wynny Want","+449117397777","Wynny.Want@fedex.uk.ac"
"C1523000204","Orv Felton","+445679828420","Orv.Felton@dpdcourierservice.uk.ac"
"C1523000205","Micky Antuoni","+443649481858","Micky.Antuoni@dpdcourierservice.uk.ac"
"C1523000206","Hadria Milesop","+447485543970","Hadria.Milesop@fedex.uk.ac"
"C1523000207","Davin Hellens","+447413755412","Davin.Hellens@parcelforcecourier.uk.ac"
"C1523000208","Laurella Goldberg","+444140410415","Laurella.Goldberg@parcelforcecourier.uk.ac"
"C1523000209","Anabella Pilley","+449778525492","Anabella.Pilley@royalmail.uk.ac"
"C1523000210","Charmain Mellings","+446853420264","Charmain.Mellings@fedex.uk.ac"
"C1523000211","Paquito Achurch","+444767250137","Paquito.Achurch@parcelforcecourier.uk.ac"
"C1523000212","Corey Labon","+445832659804","Corey.Labon@upsdeliveryservice.uk.ac"
"C1523000213","Byran Baleine","+449311489165","Byran.Baleine@royalmail.uk.ac"
"C1523000214","Markus Scotchbrook","+446024273700","Markus.Scotchbrook@dpdcourierservice.uk.ac"
"C1523000215","Andrey Shetliff","+442911051655","Andrey.Shetliff@dpdcourierservice.uk.ac"
"C1523000216","Waylin Lelievre","+448473592094","Waylin.Lelievre@parcelforcecourier.uk.ac"
"C1523000217","Trixie Zienkiewicz","+443095209199","Trixie.Zienkiewicz@dpdcourierservice.uk.ac"
"C1523000218","Tiffie Musson","+441647706798","Tiffie.Musson@fedex.uk.ac"
"C1523000219","Margy Deboy","+443674432214","Margy.Deboy@parcelforcecourier.uk.ac"
"C1523000220","Merla Renon","+447426836125","Merla.Renon@dpdcourierservice.uk.ac"
"C1523000221","Terri Smallpiece","+444448421247","Terri.Smallpiece@royalmail.uk.ac"
"C1523000222","Jarad Cargenven","+444505498577","Jarad.Cargenven@royalmail.uk.ac"
"C1523000223","Riva Wewell","+446016942893","Riva.Wewell@dpdcourierservice.uk.ac"
"C1523000224","Ricardo Mallen","+449341540148","Ricardo.Mallen@dpdcourierservice.uk.ac"
"C1523000225","Daryl Rudeyeard","+442800908720","Daryl.Rudeyeard@royalmail.uk.ac"
"C1523000226","Hephzibah Slym","+443668862570","Hephzibah.Slym@parcelforcecourier.uk.ac"
"C1523000227","Fleming Andraud","+442381285364","Fleming.Andraud@fedex.uk.ac"
"C1523000228","Bernete Borrell","+442955688325","Bernete.Borrell@upsdeliveryservice.uk.ac"
"C1523000229","Olly Abbe","+447276927639","Olly.Abbe@upsdeliveryservice.uk.ac"
"C1523000230","Arlene Bearne","+449130580210","Arlene.Bearne@upsdeliveryservice.uk.ac"
"C1523000231","Kurtis Kynett","+443177309711","Kurtis.Kynett@upsdeliveryservice.uk.ac"
"C1523000232","Mirella Mayo","+448282992910","Mirella.Mayo@fedex.uk.ac"
"C1523000233","Carce Arnason","+445619825475","Carce.Arnason@dpdcourierservice.uk.ac"
"C1523000234","Caril Paternoster","+448240509000","Caril.Paternoster@fedex.uk.ac"
"C1523000235","Milton Bleier","+447737906409","Milton.Bleier@upsdeliveryservice.uk.ac"
"C1523000236","Olivero Gaither","+445446035605","Olivero.Gaither@fedex.uk.ac"
"C1523000237","Rani Spickett","+445788533302","Rani.Spickett@dpdcourierservice.uk.ac"
"C1523000238","Ely Sharrocks","+443822184460","Ely.Sharrocks@upsdeliveryservice.uk.ac"
"C1523000239","Valenka Haseman","+444779032179","Valenka.Haseman@upsdeliveryservice.uk.ac"
"C1523000240","Kristofer Hargreave","+444560056593","Kristofer.Hargreave@fedex.uk.ac"
"C1523000241","Isa O' Sullivan","+446739058401","Isa.O'.Sullivan@fedex.uk.ac"
"C1523000242","Molly Halfpenny","+442370808561","Molly.Halfpenny@royalmail.uk.ac"
"C1523000243","Chrissy Castangia","+446943954767","Chrissy.Castangia@upsdeliveryservice.uk.ac"
"C1523000244","Bess Wake","+449860321057","Bess.Wake@parcelforcecourier.uk.ac"
"C1523000245","Margeaux Marre","+445060796404","Margeaux.Marre@royalmail.uk.ac"
"C1523000246","Babette Leber","+446948213832","Babette.Leber@dpdcourierservice.uk.ac"
"C1523000247","Enrico Ferraretto","+448270613120","Enrico.Ferraretto@parcelforcecourier.uk.ac"
"C1523000248","Renato Keer","+444938741547","Renato.Keer@dpdcourierservice.uk.ac"
"C1523000249","Tasia Schubbert","+445886089775","Tasia.Schubbert@royalmail.uk.ac"
"C1523000250","Andeee Brenneke","+445634528032","Andeee.Brenneke@fedex.uk.ac"
"C1523000251","Cross Mashal","+441992877078","Cross.Mashal@fedex.uk.ac"
"C1523000252","Ella Canellas","+441948175652","Ella.Canellas@dpdcourierservice.uk.ac"
"C1523000253","Obadiah Petracek","+449951188514","Obadiah.Petracek@fedex.uk.ac"
"C1523000254","Meredith Mathison","+448706570383","Meredith.Mathison@dpdcourierservice.uk.ac"
"C1523000255","Monro Rangle","+445365603263","Monro.Rangle@parcelforcecourier.uk.ac"
"C1523000256","Yance Huyhton","+445058608160","Yance.Huyhton@parcelforcecourier.uk.ac"
"C1523000257","Zondra Cookney","+442593837820","Zondra.Cookney@upsdeliveryservice.uk.ac"
"C1523000258","Regina Everard","+447008372968","Regina.Everard@upsdeliveryservice.uk.ac"
"C1523000259","Olympia Ellit","+447578459562","Olympia.Ellit@royalmail.uk.ac"
"C1523000260","Ruggiero Tring","+442140476059","Ruggiero.Tring@dpdcourierservice.uk.ac"
"C1523000261","Kaja Bachura","+449395000261","Kaja.Bachura@royalmail.uk.ac"
"C1523000262","Orelee Signore","+447596255687","Orelee.Signore@parcelforcecourier.uk.ac"
"C1523000263","Mei Eate","+445099076069","Mei.Eate@upsdeliveryservice.uk.ac"
"C1523000264","Mariann Deeman","+447092185238","Mariann.Deeman@dpdcourierservice.uk.ac"
"C1523000265","Omero Olyunin","+442228091584","Omero.Olyunin@royalmail.uk.ac"
"C1523000266","Niven Brommage","+441970041697","Niven.Brommage@upsdeliveryservice.uk.ac"
"C1523000267","Haily Bercevelo","+447468737238","Haily.Bercevelo@royalmail.uk.ac"
"C1523000268","Gertrud Burrage","+446086740875","Gertrud.Burrage@royalmail.uk.ac"
"C1523000269","Carmon Van de Castele","+443540098098","Carmon.Van.de.Castele@fedex.uk.ac"
"C1523000270","Dunstan Bridgewood","+444448247424","Dunstan.Bridgewood@dpdcourierservice.uk.ac"
"C1523000271","Rafa MacIlurick","+441640633840","Rafa.MacIlurick@dpdcourierservice.uk.ac"
"C1523000272","Flori Enden","+446346506772","Flori.Enden@parcelforcecourier.uk.ac"
"C1523000273","Dasha Dewicke","+448097763283","Dasha.Dewicke@fedex.uk.ac"
"C1523000274","Babara Snell","+442270157980","Babara.Snell@dpdcourierservice.uk.ac"
"C1523000275","Garwin Judson","+445513176973","Garwin.Judson@upsdeliveryservice.uk.ac"
"C1523000276","Suzi Ritmeyer","+444078963798","Suzi.Ritmeyer@dpdcourierservice.uk.ac"
"C1523000277","Becki Marconi","+445823409394","Becki.Marconi@parcelforcecourier.uk.ac"
"C1523000278","Junia Kuhne","+442548495343","Junia.Kuhne@upsdeliveryservice.uk.ac"
"C1523000279","Rog Oels","+447483655813","Rog.Oels@upsdeliveryservice.uk.ac"
"C1523000280","Yurik Heaysman","+443101297738","Yurik.Heaysman@fedex.uk.ac"
"C1523000281","Den Creddon","+444569406225","Den.Creddon@upsdeliveryservice.uk.ac"
"C1523000282","Cris Bellingham","+449368817274","Cris.Bellingham@parcelforcecourier.uk.ac"
"C1523000283","Rosanna Orneles","+444748009651","Rosanna.Orneles@dpdcourierservice.uk.ac"
"C1523000284","Geordie Keirle","+446712420112","Geordie.Keirle@royalmail.uk.ac"
"C1523000285","Lottie Dimitresco","+443998008888","Lottie.Dimitresco@parcelforcecourier.uk.ac"
"C1523000286","Jaime Wallenger","+448498770998","Jaime.Wallenger@fedex.uk.ac"
"C1523000287","Van Bladen","+445245486055","Van.Bladen@dpdcourierservice.uk.ac"
"C1523000288","Emmie Forsdike","+448232710312","Emmie.Forsdike@dpdcourierservice.uk.ac"
"C1523000289","Nada Gillam","+446021839708","Nada.Gillam@parcelforcecourier.uk.ac"
"C1523000290","Pearle Delaprelle","+448659062294","Pearle.Delaprelle@upsdeliveryservice.uk.ac"
"C1523000291","Heida Dehmel","+449319752023","Heida.Dehmel@fedex.uk.ac"
"C1523000292","Teirtza Merriott","+442026904745","Teirtza.Merriott@royalmail.uk.ac"
"C1523000293","Tremain Remington","+441127786011","Tremain.Remington@upsdeliveryservice.uk.ac"
"C1523000294","Ginni Beton","+445194485778","Ginni.Beton@upsdeliveryservice.uk.ac"
"C1523000295","Alistair Elward","+442524538263","Alistair.Elward@parcelforcecourier.uk.ac"
"C1523000296","Manon Frichley","+445818009832","Manon.Frichley@parcelforcecourier.uk.ac"
"C1523000297","Tonnie Idell","+442722646897","Tonnie.Idell@parcelforcecourier.uk.ac"
"C1523000298","Lesya Hemmingway","+442020185021","Lesya.Hemmingway@dpdcourierservice.uk.ac"
"C1523000299","Penelope Brownhall","+447078045469","Penelope.Brownhall@royalmail.uk.ac"
"C1523000300","Alexis Kleinhaut","+446698316459","Alexis.Kleinhaut@dpdcourierservice.uk.ac"
"C1523000301","Derrick Golagley","+443588835115","Derrick.Golagley@dpdcourierservice.uk.ac"
"C1523000302","Tab Grunnill","+445990441470","Tab.Grunnill@fedex.uk.ac"
"C1523000303","Geralda Ovitz","+447515507038","Geralda.Ovitz@royalmail.uk.ac"
"C1523000304","Giff Castillon","+448876406297","Giff.Castillon@fedex.uk.ac"
"C1523000305","Heddi Brunroth","+447889675051","Heddi.Brunroth@parcelforcecourier.uk.ac"
"C1523000306","Rudiger Benninger","+447182153155","Rudiger.Benninger@upsdeliveryservice.uk.ac"
"C1523000307","Odell Sucre","+444129917195","Odell.Sucre@dpdcourierservice.uk.ac"
"C1523000308","Ciro Whelpdale","+443369366127","Ciro.Whelpdale@dpdcourierservice.uk.ac"
"C1523000309","Byron Mulheron","+445832026337","Byron.Mulheron@royalmail.uk.ac"
"C1523000310","Dinah Raffeorty","+446271863939","Dinah.Raffeorty@dpdcourierservice.uk.ac"
"C1523000311","Ann Winckles","+449869860770","Ann.Winckles@parcelforcecourier.uk.ac"
"C1523000312","Constantine Hellin","+448469686496","Constantine.Hellin@dpdcourierservice.uk.ac"
"C1523000313","Joaquin Boniface","+441646352896","Joaquin.Boniface@parcelforcecourier.uk.ac"
"C1523000314","Audrie Clausson","+449897409883","Audrie.Clausson@royalmail.uk.ac"
"C1523000315","Silvanus Allenson","+443105180077","Silvanus.Allenson@dpdcourierservice.uk.ac"
"C1523000316","Graeme Eller","+447371789336","Graeme.Eller@parcelforcecourier.uk.ac"
"C1523000317","Denny Langstaff","+446880922382","Denny.Langstaff@dpdcourierservice.uk.ac"
"C1523000318","Orin Doumer","+443687359809","Orin.Doumer@royalmail.uk.ac"
"C1523000319","Kakalina Shann","+443261847166","Kakalina.Shann@fedex.uk.ac"
"C1523000320","Dario Celiz","+445187691178","Dario.Celiz@parcelforcecourier.uk.ac"
"C1523000321","Clayborn Zannotelli","+448350131621","Clayborn.Zannotelli@fedex.uk.ac"
"C1523000322","Will Plose","+448902490615","Will.Plose@royalmail.uk.ac"
"C1523000323","Cort Cannell","+441352806249","Cort.Cannell@upsdeliveryservice.uk.ac"
"C1523000324","Pier Desport","+447265215358","Pier.Desport@royalmail.uk.ac"
"C1523000325","Spenser Gierhard","+442538731926","Spenser.Gierhard@fedex.uk.ac"
"C1523000326","Faulkner Castagnier","+446762031321","Faulkner.Castagnier@dpdcourierservice.uk.ac"
"C1523000327","Shelia Upstell","+444868018365","Shelia.Upstell@upsdeliveryservice.uk.ac"
"C1523000328","Dare Huish","+444860440240","Dare.Huish@fedex.uk.ac"
"C1523000329","Delaney Antonowicz","+443209163669","Delaney.Antonowicz@parcelforcecourier.uk.ac"
"C1523000330","Benedikt Sambals","+448841452218","Benedikt.Sambals@royalmail.uk.ac"
"C1523000331","Bradly Dallow","+448019541214","Bradly.Dallow@dpdcourierservice.uk.ac"
"C1523000332","Pepito Turk","+447043852491","Pepito.Turk@fedex.uk.ac"
"C1523000333","Stacey Lawly","+449500707722","Stacey.Lawly@parcelforcecourier.uk.ac"
"C1523000334","Byron Yeldon","+441468579695","Byron.Yeldon@fedex.uk.ac"
"C1523000335","Mei Olin","+442272994806","Mei.Olin@dpdcourierservice.uk.ac"
"C1523000336","Lou Lamble","+444485586872","Lou.Lamble@fedex.uk.ac"
"C1523000337","Tiphany Bradnick","+442009343681","Tiphany.Bradnick@fedex.uk.ac"
"C1523000338","Arabelle Clappison","+442971698692","Arabelle.Clappison@upsdeliveryservice.uk.ac"
"C1523000339","Cherry Bandt","+443827660863","Cherry.Bandt@upsdeliveryservice.uk.ac"
"C1523000340","Allen Benninger","+448612694344","Allen.Benninger@upsdeliveryservice.uk.ac"
"C1523000341","Sly Arkwright","+442112003527","Sly.Arkwright@parcelforcecourier.uk.ac"
"C1523000342","Lusa Craven","+443826339961","Lusa.Craven@fedex.uk.ac"
"C1523000343","Dar Prendiville","+447817035852","Dar.Prendiville@royalmail.uk.ac"
"C1523000344","Truda Strathdee","+444547066687","Truda.Strathdee@dpdcourierservice.uk.ac"
"C1523000345","Dukey Moseby","+443446003543","Dukey.Moseby@fedex.uk.ac"
"C1523000346","Maegan Dearness","+444472135357","Maegan.Dearness@upsdeliveryservice.uk.ac"
"C1523000347","Blondell Dunbavin","+449556115268","Blondell.Dunbavin@dpdcourierservice.uk.ac"
"C1523000348","Giulietta Plumbridge","+446302530152","Giulietta.Plumbridge@upsdeliveryservice.uk.ac"
"C1523000349","Pierette Widger","+448750376274","Pierette.Widger@parcelforcecourier.uk.ac"
"C1523000350","Wendye Dargavel","+449867281928","Wendye.Dargavel@upsdeliveryservice.uk.ac"
"C1523000351","Irwin Veelers","+445958429483","Irwin.Veelers@fedex.uk.ac"
"C1523000352","Nevil Burel","+448511142735","Nevil.Burel@upsdeliveryservice.uk.ac"
"C1523000353","Laraine Caville","+445876268226","Laraine.Caville@fedex.uk.ac"
"C1523000354","Heinrik Gibard","+447946970115","Heinrik.Gibard@parcelforcecourier.uk.ac"
"C1523000355","Maynord Ellwell","+443460785424","Maynord.Ellwell@upsdeliveryservice.uk.ac"
"C1523000356","Hazlett McGrowther","+446089525174","Hazlett.McGrowther@parcelforcecourier.uk.ac"
"C1523000357","Riordan Browne","+441591744178","Riordan.Browne@royalmail.uk.ac"
"C1523000358","Ardis Whitney","+443520694271","Ardis.Whitney@parcelforcecourier.uk.ac"
"C1523000359","Elsy Jaqueminet","+449809027919","Elsy.Jaqueminet@parcelforcecourier.uk.ac"
"C1523000360","Jaine Fedorski","+442355650899","Jaine.Fedorski@upsdeliveryservice.uk.ac"
"C1523000361","Alameda Idill","+447545900653","Alameda.Idill@royalmail.uk.ac"
"C1523000362","Marlane Bernetti","+448088910167","Marlane.Bernetti@upsdeliveryservice.uk.ac"
"C1523000363","Consuela Kubala","+448768782224","Consuela.Kubala@fedex.uk.ac"
"C1523000364","Barby Clatworthy","+449604451551","Barby.Clatworthy@fedex.uk.ac"
"C1523000365","Basilius Strotone","+447374836233","Basilius.Strotone@upsdeliveryservice.uk.ac"
"C1523000366","Herold O'Neal","+446545646787","Herold.O'Neal@dpdcourierservice.uk.ac"
"C1523000367","Allissa Paxman","+442209113024","Allissa.Paxman@fedex.uk.ac"
"C1523000368","Sofie Greener","+443769508255","Sofie.Greener@dpdcourierservice.uk.ac"
"C1523000369","Paule Glasard","+447450752378","Paule.Glasard@royalmail.uk.ac"
"C1523000370","Yanaton Jakeman","+445664190748","Yanaton.Jakeman@upsdeliveryservice.uk.ac"
"C1523000371","Spence Rew","+444280092642","Spence.Rew@fedex.uk.ac"
"C1523000372","Eddy Heazel","+444071696911","Eddy.Heazel@dpdcourierservice.uk.ac"
"C1523000373","Godfrey Joynt","+443775797809","Godfrey.Joynt@upsdeliveryservice.uk.ac"
"C1523000374","Tadio Jee","+442388082686","Tadio.Jee@dpdcourierservice.uk.ac"
"C1523000375","Juliane Sugar","+449944781538","Juliane.Sugar@fedex.uk.ac"
"C1523000376","Clementius Calow","+444808305117","Clementius.Calow@fedex.uk.ac"
"C1523000377","Brunhilde Tyt","+448548239541","Brunhilde.Tyt@parcelforcecourier.uk.ac"
"C1523000378","Kristoffer Ettles","+449668111913","Kristoffer.Ettles@fedex.uk.ac"
"C1523000379","Eula Wainwright","+445136196513","Eula.Wainwright@parcelforcecourier.uk.ac"
"C1523000380","Niki Faughnan","+445486287519","Niki.Faughnan@upsdeliveryservice.uk.ac"
"C1523000381","Garth Mehew","+442409999563","Garth.Mehew@fedex.uk.ac"
"C1523000382","Barbee Roote","+447220013508","Barbee.Roote@upsdeliveryservice.uk.ac"
"C1523000383","Alair Grafton-Herbert","+443659667068","Alair.Grafton-Herbert@parcelforcecourier.uk.ac"
"C1523000384","Tybi Hentze","+447157807883","Tybi.Hentze@fedex.uk.ac"
"C1523000385","Austina Lates","+446885600212","Austina.Lates@royalmail.uk.ac"
"C1523000386","Sue Mc Cahey","+446483270823","Sue.Mc.Cahey@upsdeliveryservice.uk.ac"
"C1523000387","Dulcinea Widmoor","+446135387523","Dulcinea.Widmoor@parcelforcecourier.uk.ac"
"C1523000388","Floyd Futter","+446447793026","Floyd.Futter@fedex.uk.ac"
"C1523000389","Paloma Hustler","+449877648684","Paloma.Hustler@fedex.uk.ac"
"C1523000390","Melany Aldritt","+442930715757","Melany.Aldritt@upsdeliveryservice.uk.ac"
"C1523000391","Georges Willmetts","+446126234379","Georges.Willmetts@royalmail.uk.ac"
"C1523000392","Urbanus Wink","+446331197307","Urbanus.Wink@upsdeliveryservice.uk.ac"
"C1523000393","Xerxes Argrave","+441330342277","Xerxes.Argrave@royalmail.uk.ac"
"C1523000394","Arte Behn","+443155754936","Arte.Behn@upsdeliveryservice.uk.ac"
"C1523000395","Inge McReynold","+443249498775","Inge.McReynold@parcelforcecourier.uk.ac"
"C1523000396","Rodger Marti","+444714612974","Rodger.Marti@royalmail.uk.ac"
"C1523000397","Elbert Falkinder","+441110742401","Elbert.Falkinder@dpdcourierservice.uk.ac"
"C1523000398","Kim Berndt","+441584207840","Kim.Berndt@fedex.uk.ac"
"C1523000399","Malchy Szymczyk","+446464167960","Malchy.Szymczyk@upsdeliveryservice.uk.ac"
"C1523000400","Wyatan Tudbald","+443434825727","Wyatan.Tudbald@fedex.uk.ac"
"C1523000401","Corliss Merit","+447166052510","Corliss.Merit@upsdeliveryservice.uk.ac"
"C1523000402","Ford Polini","+444015213963","Ford.Polini@royalmail.uk.ac"
"C1523000403","Hal Jakubowicz","+449557978972","Hal.Jakubowicz@upsdeliveryservice.uk.ac"
"C1523000404","Den Marjot","+441378210444","Den.Marjot@dpdcourierservice.uk.ac"
"C1523000405","Mead Joel","+444798877688","Mead.Joel@fedex.uk.ac"
"C1523000406","Hiram Itzakovitz","+446010230944","Hiram.Itzakovitz@royalmail.uk.ac"
"C1523000407","Ange Yesinin","+441201816163","Ange.Yesinin@parcelforcecourier.uk.ac"
"C1523000408","Dita Klagges","+446664609827","Dita.Klagges@parcelforcecourier.uk.ac"
"C1523000409","Chester Tsarovic","+445374535810","Chester.Tsarovic@dpdcourierservice.uk.ac"
"C1523000410","Korney Whitewood","+447085537166","Korney.Whitewood@upsdeliveryservice.uk.ac"
"C1523000411","Karol Costy","+442530430910","Karol.Costy@fedex.uk.ac"
"C1523000412","Gina Frith","+446470719957","Gina.Frith@fedex.uk.ac"
"C1523000413","Marcos Fumagallo","+443243495297","Marcos.Fumagallo@parcelforcecourier.uk.ac"
"C1523000414","Denny M'Quharge","+445641540727","Denny.M'Quharge@royalmail.uk.ac"
"C1523000415","Yolande Cottle","+444808201251","Yolande.Cottle@royalmail.uk.ac"
"C1523000416","Marcelo O'Currine","+446143010697","Marcelo.O'Currine@royalmail.uk.ac"
"C1523000417","Lorenzo Mayo","+444493298615","Lorenzo.Mayo@upsdeliveryservice.uk.ac"
"C1523000418","Daphna Sebrook","+443305256893","Daphna.Sebrook@fedex.uk.ac"
"C1523000419","Hildagard Hatt","+442360081269","Hildagard.Hatt@fedex.uk.ac"
"C1523000420","Roland Sommerville","+441092880231","Roland.Sommerville@upsdeliveryservice.uk.ac"
"C1523000421","Sharline Duddle","+447927044663","Sharline.Duddle@dpdcourierservice.uk.ac"
"C1523000422","Alie Triswell","+442757386509","Alie.Triswell@fedex.uk.ac"
"C1523000423","Angelia McNelis","+449449607887","Angelia.McNelis@royalmail.uk.ac"
"C1523000424","Kata Gerardet","+444913620606","Kata.Gerardet@upsdeliveryservice.uk.ac"
"C1523000425","Frans Redon","+441759057687","Frans.Redon@royalmail.uk.ac"
"C1523000426","Danita Pantry","+449161770535","Danita.Pantry@upsdeliveryservice.uk.ac"
"C1523000427","Amandy Dawidowsky","+446869513330","Amandy.Dawidowsky@parcelforcecourier.uk.ac"
"C1523000428","Elsworth Bonass","+447590580527","Elsworth.Bonass@upsdeliveryservice.uk.ac"
"C1523000429","Sunshine Lamport","+442616104114","Sunshine.Lamport@dpdcourierservice.uk.ac"
"C1523000430","Clerissa Bartrum","+445548066124","Clerissa.Bartrum@fedex.uk.ac"
"C1523000431","Arlana Jefferson","+445292252913","Arlana.Jefferson@dpdcourierservice.uk.ac"
"C1523000432","Immanuel Sandeford","+448340511435","Immanuel.Sandeford@upsdeliveryservice.uk.ac"
"C1523000433","Terrie Philipeaux","+441334503058","Terrie.Philipeaux@dpdcourierservice.uk.ac"
"C1523000434","Bartel Gounet","+444895152469","Bartel.Gounet@fedex.uk.ac"
"C1523000435","Andie Keitley","+448578268872","Andie.Keitley@parcelforcecourier.uk.ac"
"C1523000436","Carolan d' Eye","+449737560316","Carolan.d'.Eye@fedex.uk.ac"
"C1523000437","Verge Capener","+442440286239","Verge.Capener@fedex.uk.ac"
"C1523000438","Neddie Cawkwell","+448154459020","Neddie.Cawkwell@fedex.uk.ac"
"C1523000439","Ulrikaumeko Bartoletti","+441423972270","Ulrikaumeko.Bartoletti@royalmail.uk.ac"
"C1523000440","Dagmar Mackrill","+442058634343","Dagmar.Mackrill@upsdeliveryservice.uk.ac"
"C1523000441","Chantal Stickney","+447756532412","Chantal.Stickney@parcelforcecourier.uk.ac"
"C1523000442","Dionne Coare","+448356060226","Dionne.Coare@upsdeliveryservice.uk.ac"
"C1523000443","Dulciana Goldspink","+443986044428","Dulciana.Goldspink@parcelforcecourier.uk.ac"
"C1523000444","Corabella Cuschieri","+446959349206","Corabella.Cuschieri@royalmail.uk.ac"
"C1523000445","Ronni Klimentyev","+445822483481","Ronni.Klimentyev@fedex.uk.ac"
"C1523000446","Jane Pes","+449227500424","Jane.Pes@fedex.uk.ac"
"C1523000447","Ellyn Cartlidge","+441673338152","Ellyn.Cartlidge@dpdcourierservice.uk.ac"
"C1523000448","Sherie Gerasch","+446344093813","Sherie.Gerasch@parcelforcecourier.uk.ac"
"C1523000449","Imogen Nolot","+445613249911","Imogen.Nolot@upsdeliveryservice.uk.ac"
"C1523000450","Jaquelyn Townsend","+448512309020","Jaquelyn.Townsend@parcelforcecourier.uk.ac"
"C1523000451","Sasha Niblo","+446175010658","Sasha.Niblo@parcelforcecourier.uk.ac"
"C1523000452","Miles Fearon","+442923801006","Miles.Fearon@royalmail.uk.ac"
"C1523000453","Kippy Kellegher","+444009602848","Kippy.Kellegher@upsdeliveryservice.uk.ac"
"C1523000454","Irving Kadar","+448702678568","Irving.Kadar@dpdcourierservice.uk.ac"
"C1523000455","Eleanor Geindre","+444533184963","Eleanor.Geindre@fedex.uk.ac"
"C1523000456","Care Boerderman","+449220461405","Care.Boerderman@dpdcourierservice.uk.ac"
"C1523000457","Shepperd Pyett","+448304584420","Shepperd.Pyett@parcelforcecourier.uk.ac"
"C1523000458","Yehudi Greene","+448831261081","Yehudi.Greene@upsdeliveryservice.uk.ac"
"C1523000459","Casper Malim","+445350990329","Casper.Malim@royalmail.uk.ac"
"C1523000460","Hali Wiper","+447569538410","Hali.Wiper@fedex.uk.ac"
"C1523000461","Jayson Dowdell","+449909638135","Jayson.Dowdell@dpdcourierservice.uk.ac"
"C1523000462","Bernita Papis","+447819468984","Bernita.Papis@upsdeliveryservice.uk.ac"
"C1523000463","Tracy Melville","+447106155341","Tracy.Melville@upsdeliveryservice.uk.ac"
"C1523000464","Melicent Norheny","+449948652568","Melicent.Norheny@fedex.uk.ac"
"C1523000465","Costa Freeberne","+446312427116","Costa.Freeberne@upsdeliveryservice.uk.ac"
"C1523000466","Lauraine Cousins","+444906900310","Lauraine.Cousins@parcelforcecourier.uk.ac"
"C1523000467","Ania Coales","+445252811563","Ania.Coales@fedex.uk.ac"
"C1523000468","Matteo Tatteshall","+448123135172","Matteo.Tatteshall@royalmail.uk.ac"
"C1523000469","Claudia Gibling","+446673273169","Claudia.Gibling@fedex.uk.ac"
"C1523000470","Stephanus Daviddi","+443534041565","Stephanus.Daviddi@parcelforcecourier.uk.ac"
"C1523000471","Claire Biasioni","+447771216179","Claire.Biasioni@parcelforcecourier.uk.ac"
"C1523000472","Jsandye Wynrahame","+448182146565","Jsandye.Wynrahame@fedex.uk.ac"
"C1523000473","Whitaker Melloy","+448758380010","Whitaker.Melloy@royalmail.uk.ac"
"C1523000474","Roosevelt Coade","+446562808313","Roosevelt.Coade@upsdeliveryservice.uk.ac"
"C1523000475","Trever Jouanot","+446126419901","Trever.Jouanot@fedex.uk.ac"
"C1523000476","Trevor Antonoczyk","+448533465944","Trevor.Antonoczyk@upsdeliveryservice.uk.ac"
"C1523000477","Liza Goble","+447506436347","Liza.Goble@royalmail.uk.ac"
"C1523000478","Dannie Gage","+446195693199","Dannie.Gage@fedex.uk.ac"
"C1523000479","Maurice Lince","+448356858710","Maurice.Lince@upsdeliveryservice.uk.ac"
"C1523000480","Marty Roff","+447083756251","Marty.Roff@parcelforcecourier.uk.ac"
"C1523000481","Ulick Lavis","+444733349589","Ulick.Lavis@upsdeliveryservice.uk.ac"
"C1523000482","Ryun Purvis","+449223338790","Ryun.Purvis@dpdcourierservice.uk.ac"
"C1523000483","Barth Pury","+441374868926","Barth.Pury@royalmail.uk.ac"
"C1523000484","Anna-maria Lampkin","+445024316241","Anna-maria.Lampkin@royalmail.uk.ac"
"C1523000485","Lamond Wollen","+449502320574","Lamond.Wollen@dpdcourierservice.uk.ac"
"C1523000486","Jenna Clynmans","+445629308921","Jenna.Clynmans@royalmail.uk.ac"
"C1523000487","Risa Hayhow","+441588118279","Risa.Hayhow@upsdeliveryservice.uk.ac"
"C1523000488","Coreen Heyworth","+447732718060","Coreen.Heyworth@parcelforcecourier.uk.ac"
"C1523000489","Jesse Sauniere","+445302212144","Jesse.Sauniere@royalmail.uk.ac"
"C1523000490","Riane Harrie","+444433458819","Riane.Harrie@fedex.uk.ac"
"C1523000491","Abel Seeborne","+441800972406","Abel.Seeborne@dpdcourierservice.uk.ac"
"C1523000492","Mignon Quarton","+447260920253","Mignon.Quarton@upsdeliveryservice.uk.ac"
"C1523000493","Fletcher Bore","+446018270283","Fletcher.Bore@dpdcourierservice.uk.ac"
"C1523000494","Mufinella Mardell","+442569924832","Mufinella.Mardell@dpdcourierservice.uk.ac"
"C1523000495","Nanni Mountlow","+441897669141","Nanni.Mountlow@dpdcourierservice.uk.ac"
"C1523000496","Thoma Veeler","+448762826685","Thoma.Veeler@upsdeliveryservice.uk.ac"
"C1523000497","Adelice Yanshinov","+446201746030","Adelice.Yanshinov@fedex.uk.ac"
"C1523000498","Emilia Douglass","+443447137313","Emilia.Douglass@upsdeliveryservice.uk.ac"
"C1523000499","Sallie O'Hartagan","+447323058929","Sallie.O'Hartagan@upsdeliveryservice.uk.ac"
"C1523000500","Vitia Waterhowse","+446482532367","Vitia.Waterhowse@upsdeliveryservice.uk.ac"
